USE TA_PROG3;
GO

SET IDENTITY_INSERT BOD_CATEGORIA ON;
INSERT INTO BOD_CATEGORIA (CATEGORIA_ID, DESCRIPCION) VALUES (1,'Bebidas'),(5,'Granos'),(3,'Lácteos'),(4,'Limpieza'),(2,'Snacks');
SET IDENTITY_INSERT BOD_CATEGORIA OFF;
GO

SET IDENTITY_INSERT BOD_CLIENTE_AL_FIADO ON;
INSERT INTO BOD_CLIENTE_AL_FIADO (CLIENTE_ID, ALIAS, NOMBRE, TELEFONO, FECHA_DE_PAGO, ACTIVO, MONTO_DEUDA) VALUES (1,'Alexito Pro (Actualizado)','Juan Pérez','912345678','2025-11-30',1,37.00),(2,'maria','María López','999333444','2025-11-28',1,20.00),(3,'pedro','Pedro Torres','999555666','2025-11-25',1,4.40),(4,'carla','Carla Rivas','999777888','2025-12-05',1,10.00),(5,'lucas','Lucas García','999999000','2025-11-27',1,15.00),(6,'annita','Ana Torres','999222333','2025-12-01',1,0.00);
SET IDENTITY_INSERT BOD_CLIENTE_AL_FIADO OFF;
GO

SET IDENTITY_INSERT BOD_RAZON_DEVOLUCION ON;
INSERT INTO BOD_RAZON_DEVOLUCION (RAZON_DEVOLUCION_ID, DESCRIPCION) VALUES (3,'Cliente cambió de opinión'),(5,'Daño en el empaque'),(2,'Error en la venta'),(1,'Producto en mal estado'),(4,'Producto vencido');
SET IDENTITY_INSERT BOD_RAZON_DEVOLUCION OFF;
GO

SET IDENTITY_INSERT BOD_PRODUCTO ON;
INSERT INTO BOD_PRODUCTO (PRODUCTO_ID, CATEGORIA_ID, NOMBRE, PRECIO_UNITARIO, UNIDAD_MEDIDA, STOCK, STOCK_MINIMO, ACTIVO) VALUES (1,1,'Agua Mineral 600ml',1.50,'UNIDAD',200,20,1),(2,1,'Jugo de Naranja 1L',3.80,'UNIDAD',150,15,1),(3,2,'Papas Fritas 50g',2.20,'UNIDAD',180,20,1),(4,2,'Maní Salado 100g',2.50,'UNIDAD',100,10,1),(5,3,'Leche Entera 1L',3.10,'UNIDAD',120,12,1),(6,3,'Yogurt Fresa 1L',4.50,'UNIDAD',80,8,1),(7,4,'Detergente 1L',6.50,'UNIDAD',90,10,1),(8,4,'Suavizante 1L',7.00,'UNIDAD',85,10,1),(9,5,'Arroz 1Kg',4.00,'KILOGRAMO',150,15,1),(10,5,'Lentejas 1Kg',4.20,'KILOGRAMO',140,14,1),(11,1,'Spored 1L',4.50,'UNIDAD',6,2,1),(12,3,'Leche Anchor',5.00,'UNIDAD',6,1,1),(13,5,'Arroz Costeño',5.00,'UNIDAD',40,10,1),(14,2,'Helados',-5.00,'UNIDAD',-7,-9,1);
SET IDENTITY_INSERT BOD_PRODUCTO OFF;
GO

SET IDENTITY_INSERT BOD_USUARIO ON;
INSERT INTO BOD_USUARIO (USUARIO_ID, USUARIO, TIPO_USUARIOS, CORREO, CONTRASENHA, NOMBRE_COMPLETO, TELEFONO_USUARIO, ACTIVO_USUARIO) VALUES (1,'admin','ADMINISTRADOR','admin@bodega.com','admin123','Administrador General','987654321',1),(2,'mcarlos','OPERARIO','carlos@bodega.com','pass123','Carlos Mendoza','987111222',1),(3,'laura','OPERARIO','laura@bodega.com','pass123','Laura Torres','987333444',1),(4,'sofia','OPERARIO','sofia@bodega.com','pass123','Sofía Ramírez','987555666',1),(5,'diego','OPERARIO','diego@bodega.com','pass123','Diego López','987777888',1),(6,'ana.rodrigez','OPERARIO','ana@bodega.com','ana123','Ana Rodriguez','987654321',1),(7,'alfonso43','OPERARIO','alfon@bodega.com','alfo123','Nats Alfonso','987654321',1),(8,'anaRod','OPERARIO','ana@bodega.com','anaR','ana Liz','987654321',1),(9,'operarioLAB','OPERARIO','operario@bodega.com','operario123','operarioLAB','123123133',1),(21,'adminLAB','ADMINISTRADOR','adminLAB@pucp.edu.pe','asdasdasdasd','adminLABORATORIO','123424244',1),(22,'Luis Cardenaz','OPERARIO','luis@bodega.com','Luis123!','Luis','987654320',0),(26,'lalita','OPERARIO','lalita@pucp.edu.pe','doasdhajR$4','lalala','999999999',1);
SET IDENTITY_INSERT BOD_USUARIO OFF;
GO

SET IDENTITY_INSERT BOD_VENTAS ON;
INSERT INTO BOD_VENTAS (VENTA_ID, TOTAL, METODO_PAGO, FECHA, USUARIO_ID) VALUES (1,15.60,'EFECTIVO','2025-11-01 00:00:00',2),(2,10.50,'TRANSFERENCIA','2025-11-01 00:00:00',3),(3,25.30,'EFECTIVO','2025-11-02 00:00:00',4),(4,8.90,'EFECTIVO','2025-11-02 00:00:00',5),(5,12.00,'TRANSFERENCIA','2025-11-03 00:00:00',2),(6,18.70,'EFECTIVO','2025-11-03 00:00:00',3),(7,9.60,'EFECTIVO','2025-11-04 00:00:00',4),(8,14.20,'TRANSFERENCIA','2025-11-05 00:00:00',5),(9,11.80,'EFECTIVO','2025-11-05 00:00:00',2),(10,23.10,'EFECTIVO','2025-11-06 00:00:00',3),(11,16.00,'TRANSFERENCIA','2025-11-06 00:00:00',4),(12,9.40,'EFECTIVO','2025-11-07 00:00:00',5),(13,21.50,'EFECTIVO','2025-11-07 00:00:00',2),(14,18.00,'TRANSFERENCIA','2025-11-08 00:00:00',3),(15,24.90,'EFECTIVO','2025-11-08 00:00:00',4),(16,17.30,'EFECTIVO','2025-11-09 00:00:00',5),(17,12.70,'TRANSFERENCIA','2025-11-09 00:00:00',2),(18,20.00,'EFECTIVO','2025-11-10 00:00:00',3),(19,13.60,'EFECTIVO','2025-11-10 00:00:00',4),(20,19.90,'TRANSFERENCIA','2025-11-10 00:00:00',5),(21,10.60,'EFECTIVO','2025-11-19 03:43:02',1),(22,9.10,'FIADO','2025-11-19 03:44:20',1),(23,12.80,'FIADO','2025-11-19 03:58:25',1),(24,13.80,'FIADO','2025-11-19 04:06:48',1),(25,7.40,'FIADO','2025-11-19 04:09:56',1),(26,13.80,'FIADO','2025-11-19 04:15:37',1),(27,6.80,'EFECTIVO','2025-11-19 08:38:08',1),(28,4.40,'FIADO','2025-11-19 08:39:29',1);
SET IDENTITY_INSERT BOD_VENTAS OFF;
GO

SET IDENTITY_INSERT BOD_DEVOLUCION ON;
INSERT INTO BOD_DEVOLUCION (DEVOLUCION_ID, TOTAL, FECHA, USUARIO_ID) VALUES (1,7.60,'2025-11-03 00:00:00',2),(2,5.00,'2025-11-04 00:00:00',3),(3,9.30,'2025-11-05 00:00:00',4),(4,6.50,'2025-11-06 00:00:00',5),(5,4.40,'2025-11-07 00:00:00',2),(6,8.00,'2025-11-08 00:00:00',3),(7,7.00,'2025-11-09 00:00:00',4),(8,6.20,'2025-11-10 00:00:00',5),(9,4.00,'2025-11-10 00:00:00',2),(10,8.40,'2025-11-11 00:00:00',3);
SET IDENTITY_INSERT BOD_DEVOLUCION OFF;
GO

INSERT INTO BOD_DETALLE_DEVOLUCION (DEVOLUCION_ID, PRODUCTO_ID, SUBTOTAL, CANTIDAD, RAZON_DEVOLUCION_ID) VALUES (1,2,7.60,2,2),(2,4,5.00,2,1),(3,5,9.30,3,5),(4,7,6.50,1,3),(5,3,4.40,2,1),(6,9,8.00,2,4),(7,8,7.00,1,2),(8,5,6.20,2,3),(9,1,4.00,2,1),(10,10,8.40,2,5);
GO

INSERT INTO BOD_DETALLE_VENTA (VENTA_ID, PRODUCTO_ID, SUBTOTAL, CANTIDAD) VALUES (1,1,3.00,2),(1,2,7.60,2),(2,3,4.40,2),(3,5,9.30,3),(3,6,13.50,3),(4,7,6.50,1),(5,4,5.00,2),(6,1,7.50,5),(7,8,7.00,1),(8,9,8.00,2),(9,10,8.40,2),(10,2,7.60,2),(11,5,6.20,2),(12,3,4.40,2),(13,6,9.00,2),(14,7,6.50,1),(15,8,7.00,1),(16,9,8.00,2),(17,10,8.40,2),(18,1,3.00,2),(19,4,2.50,1),(19,5,3.10,1),(19,9,8.00,2),(20,3,4.40,2),(20,6,9.00,2),(20,7,6.50,1),(21,1,3.00,2),(21,2,7.60,2),(22,1,1.50,1),(22,2,7.60,2),(23,1,3.00,2),(23,2,7.60,2),(23,3,2.20,1),(24,2,7.60,2),(24,5,6.20,2),(25,1,3.00,2),(25,3,4.40,2),(26,2,7.60,2),(26,5,6.20,2),(27,1,3.00,2),(27,2,3.80,1),(28,3,4.40,2);
GO

SET IDENTITY_INSERT BOD_HISTORIAL_OPERACIONES ON;
INSERT INTO BOD_HISTORIAL_OPERACIONES (OPERACION_ID, TABLA_AFECTADA, OPERACION, FECHA_HORA, USUARIO_ID) VALUES (1,'BOD_VENTAS','INSERCION','1900-01-01 00:00:00',2),(2,'BOD_VENTAS','INSERCION','1900-01-01 00:00:00',3),(3,'BOD_VENTAS','INSERCION','1900-01-01 00:00:00',4),(4,'BOD_DEVOLUCION','INSERCION','1900-01-01 00:00:00',5),(5,'BOD_PRODUCTO','MODIFICACION','1900-01-01 00:00:00',2),(6,'BOD_CLIENTE_AL_FIADO','CONSULTAR','1900-01-01 00:00:00',3),(7,'BOD_VENTAS_FIADAS','INSERCION','1900-01-01 00:00:00',4),(8,'BOD_REGISTRO_PAGOS_FIADOS','INSERCION','1900-01-01 00:00:00',5),(9,'BOD_USUARIOS','INSERCION','2025-11-12 02:09:49',6),(10,'BOD_USUARIOS','INSERCION','2025-11-12 02:13:31',7),(11,'BOD_USUARIOS','INSERCION','2025-11-12 08:25:50',8),(12,'BOD_USUARIOS','INSERCION','2025-11-18 21:27:09',1),(13,'BOD_USUARIOS','INSERCION','2025-11-18 22:04:14',1),(14,'BOD_USUARIOS','INSERCION','2025-11-18 22:11:13',1),(15,'BOD_USUARIOS','INSERCION','2025-11-18 22:20:11',1),(16,'BOD_USUARIOS','INSERCION','2025-11-18 22:28:17',1),(17,'BOD_USUARIOS','INSERCION','2025-11-18 22:32:14',1),(18,'BOD_USUARIOS','INSERCION','2025-11-18 22:51:59',1),(30,'BOD_USUARIOS','MODIFICACION','2025-11-18 23:48:40',1),(31,'BOD_USUARIOS','MODIFICACION','2025-11-18 23:48:46',1),(32,'BOD_USUARIOS','ELIMINACION','2025-11-19 00:19:26',1),(33,'BOD_USUARIOS','MODIFICACION','2025-11-19 00:19:36',1),(34,'BOD_USUARIOS','MODIFICACION','2025-11-19 00:39:41',1),(35,'BOD_USUARIOS','MODIFICACION','2025-11-19 00:40:03',1),(36,'BOD_VENTAS','INSERCION','2025-11-19 03:43:06',1),(37,'BOD_VENTAS','INSERCION','2025-11-19 03:44:24',1),(38,'BOD_VENTAS','INSERCION','2025-11-19 03:58:30',1),(39,'BOD_VENTAS','INSERCION','2025-11-19 04:06:51',1),(40,'BOD_VENTAS','INSERCION','2025-11-19 04:10:00',1),(41,'BOD_VENTAS','INSERCION','2025-11-19 04:15:41',1),(42,'BOD_USUARIOS','MODIFICACION','2025-11-19 08:18:18',1),(43,'BOD_USUARIOS','MODIFICACION','2025-11-19 08:18:28',1),(44,'BOD_USUARIOS','MODIFICACION','2025-11-19 08:18:56',1),(45,'BOD_USUARIOS','MODIFICACION','2025-11-19 08:19:00',1),(46,'BOD_USUARIOS','MODIFICACION','2025-11-19 08:19:04',1),(47,'BOD_USUARIOS','MODIFICACION','2025-11-19 08:19:09',1),(48,'BOD_USUARIOS','MODIFICACION','2025-11-19 08:19:16',1),(49,'BOD_USUARIOS','MODIFICACION','2025-11-19 08:19:23',1),(50,'BOD_USUARIOS','INSERCION','2025-11-19 08:22:48',1),(51,'BOD_USUARIOS','MODIFICACION','2025-11-19 08:23:51',1),(52,'BOD_USUARIOS','INSERCION','2025-11-19 08:29:29',1),(53,'BOD_VENTAS','INSERCION','2025-11-19 08:38:15',1),(54,'BOD_VENTAS','INSERCION','2025-11-19 08:39:34',1);
SET IDENTITY_INSERT BOD_HISTORIAL_OPERACIONES OFF;
GO

SET IDENTITY_INSERT BOD_REGISTRO_PAGOS_FIADOS ON;
INSERT INTO BOD_REGISTRO_PAGOS_FIADOS (PAGO_ID, USUARIO_ID, CLIENTE_ID, FECHA, METODO_PAGO, MONTO) VALUES (1,2,1,'2025-11-06 00:00:00','EFECTIVO',10.00),(2,3,2,'2025-11-07 00:00:00','TRANSFERENCIA',5.00),(3,4,3,'2025-11-08 00:00:00','EFECTIVO',7.00),(4,5,4,'2025-11-09 00:00:00','EFECTIVO',8.00),(5,2,5,'2025-11-10 00:00:00','TRANSFERENCIA',6.00);
SET IDENTITY_INSERT BOD_REGISTRO_PAGOS_FIADOS OFF;
GO

SET IDENTITY_INSERT BOD_VENTAS_FIADAS ON;
INSERT INTO BOD_VENTAS_FIADAS (VENTA_FIADA_ID, VENTA_ID, CLIENTE_ID) VALUES (1,2,1),(2,4,2),(3,6,3),(4,9,4),(5,12,5),(6,14,6),(7,22,3),(8,23,6),(9,24,6),(10,25,6),(11,26,6),(12,28,3);
SET IDENTITY_INSERT BOD_VENTAS_FIADAS OFF;
GO