USE [TA_PROG3];
GO

-- BOD_CATEGORIA
INSERT INTO BOD_CATEGORIA (DESCRIPCION) VALUES
('Bebidas'),
('Lácteos'),
('Abarrotes'),
('Snacks'),
('Limpieza'),
('Congelados');

-- BOD_USUARIO
INSERT INTO BOD_USUARIO (USUARIO, TIPO_USUARIOS, CORREO, CONTRASENHA, NOMBRE_COMPLETO, TELEFONO_USUARIO, ACTIVO_USUARIO) VALUES
('admin', 'ADMINISTRADOR', 'admin@bodega.com', 'adminSA!', 'Administrador General', '987654321', 1),
('Carlos', 'OPERARIO', 'carlos@bodega.com', 'operariO1!', 'Carlos Pérez', '912345678', 1),
('Maria', 'OPERARIO', 'maria@bodega.com', 'operariO2!', 'María Vargas', '923456789', 1),
('Luis', 'OPERARIO', 'luis@bodega.com', 'operariO3!', 'Luis Gutiérrez', '934567891', 1),
('Jorge', 'OPERARIO', 'jorge@bodega.com', 'operariO4!', 'Jorge Campos', '945678912', 1),
('Ana', 'OPERARIO', 'ana@bodega.com', 'operariO5!', 'Ana Torres', '956789123', 1);

-- BOD_PRODUCTO
INSERT INTO BOD_PRODUCTO (CATEGORIA_ID, NOMBRE, PRECIO_UNITARIO, UNIDAD_MEDIDA, STOCK, STOCK_MINIMO, ACTIVO) VALUES
(1, 'Coca Cola 1L', 5.50, 'UNIDAD', 60, 10, 1),
(1, 'Agua San Mateo 600ml', 2.00, 'UNIDAD', 80, 15, 1),
(1, 'Jugo Pulp 1L', 4.20, 'UNIDAD', 40, 10, 1),

(2, 'Leche Gloria 1L', 4.80, 'UNIDAD', 55, 10, 1),
(2, 'Yogurt Laive 1L', 5.20, 'UNIDAD', 45, 10, 1),
(2, 'Queso Fresco 500g', 12.00, 'UNIDAD', 25, 5, 1),

(3, 'Arroz Costeño 1kg', 4.50, 'KILOGRAMO', 100, 20, 1),
(3, 'Azúcar Rubia 1kg', 3.80, 'KILOGRAMO', 90, 20, 1),
(3, 'Aceite Primor 1L', 9.50, 'UNIDAD', 50, 10, 1),

(4, 'Galletas Casino', 1.50, 'UNIDAD', 120, 30, 1),
(4, 'Papas Lays 140g', 4.00, 'UNIDAD', 70, 20, 1),
(4, 'Chocolate Sublime', 2.00, 'UNIDAD', 80, 20, 1),

(5, 'Lavavajilla Bolívar 1L', 6.50, 'UNIDAD', 35, 8, 1),
(5, 'Detergente Ace 1kg', 7.80, 'UNIDAD', 40, 10, 1),
(5, 'Lejía Clorox 1L', 5.20, 'UNIDAD', 25, 5, 1),

(6, 'Pollo Congelado 1kg', 11.20, 'KILOGRAMO', 50, 10, 1),
(6, 'Hamburguesas Braedt 1kg', 14.50, 'UNIDAD', 30, 5, 1),
(6, 'Papas Precocidas 1kg', 8.90, 'UNIDAD', 45, 10, 1);

-- BOD_CLIENTE_AL_FIADO
INSERT INTO BOD_CLIENTE_AL_FIADO (ALIAS, NOMBRE, TELEFONO, FECHA_DE_PAGO, ACTIVO, MONTO_DEUDA) VALUES
('juanito', 'Juan Pérez', '987654321', '2025-11-30', 1, 45.00),
('luchito', 'Luis García', '923456789', '2025-11-29', 1, 30.50),
('mary', 'María López', '934567890', '2025-12-02', 1, 60.00),
('rocio', 'Rocío Torres', '945678123', '2025-12-05', 1, 0.00),
('pedrito', 'Pedro Aguilar', '956781234', '2025-11-28', 1, 20.00),
('sofi', 'Sofía Martínez', '912345987', '2025-12-10', 1, 10.00),
('tito', 'Tito Sandoval', '987321654', '2025-12-15', 1, 0.00);

-- BOD_VENTAS
SET IDENTITY_INSERT BOD_VENTAS ON;

INSERT INTO BOD_VENTAS (VENTA_ID, TOTAL, METODO_PAGO, FECHA, USUARIO_ID) VALUES
(1, 11.00, 'EFECTIVO', '2025-11-15 10:22:00', 2),
(2, 12.60, 'EFECTIVO', '2025-11-15 12:45:00', 3),
(3, 16.00, 'TRANSFERENCIA', '2025-11-16 09:30:00', 4),
(4, 15.00, 'EFECTIVO', '2025-11-16 14:20:00', 2),
(5, 9.50, 'FIADO', '2025-11-17 11:00:00', 5),
(6, 9.00, 'EFECTIVO', '2025-11-17 17:40:00', 6),
(7, 18.60, 'TRANSFERENCIA', '2025-11-18 10:15:00', 3),
(8, 5.00, 'FIADO', '2025-11-18 16:00:00', 4),
(9, 14.90, 'EFECTIVO', '2025-11-19 08:50:00', 2),
(10, 17.50, 'EFECTIVO', '2025-11-20 13:10:00', 3),
(11, 10.80, 'TRANSFERENCIA', '2025-11-21 15:45:00', 6),
(12, 12.60, 'EFECTIVO', '2025-11-22 09:55:00', 2),
(13, 40.50, 'FIADO', '2025-11-23 09:10:00', 2),
(14, 40.00, 'FIADO', '2025-11-23 09:25:00', 2),
(15, 20.00, 'FIADO', '2025-11-23 10:00:00', 3),
(16, 21.00, 'FIADO', '2025-11-23 10:15:00', 3),
(17, 45.00, 'FIADO', '2025-11-23 11:00:00', 4),
(18, 40.00, 'FIADO', '2025-11-23 11:20:00', 4),
(19, 35.00, 'FIADO', '2025-11-23 12:00:00', 5),
(20, 15.00, 'FIADO', '2025-11-23 12:30:00', 6);

SET IDENTITY_INSERT BOD_VENTAS OFF;

-- BOD_DETALLE_VENTA
INSERT INTO BOD_DETALLE_VENTA (VENTA_ID, PRODUCTO_ID, SUBTOTAL, CANTIDAD) VALUES
(1, 1, 11.00, 2),

(2, 4, 9.60, 2),
(2, 10, 3.00, 2),

(3, 2, 4.00, 2),
(3, 11, 12.00, 3),

(4, 7, 9.00, 2),
(4, 12, 6.00, 3),

(5, 9, 9.50, 1),

(6, 10, 3.00, 2),
(6, 12, 6.00, 3),

(7, 8, 7.60, 2),
(7, 1, 11.00, 2),

(8, 10, 3.00, 2),
(8, 12, 2.00, 1),

(9, 15, 10.40, 2),
(9, 10, 4.50, 3),

(10, 11, 12.00, 3),
(10, 1, 5.50, 1),

(11, 14, 7.80, 1),
(11, 10, 3.00, 2),

(12, 3, 12.60, 3),

-- VENTA 13
(13, 1, 27.50, 5),
(13, 7, 9.00, 2),
(13, 11, 4.00, 1),

-- VENTA 14
(14, 17, 29.00, 2),
(14, 1, 11.00, 2),

-- VENTA 15
(15, 11, 20.00, 5),

-- VENTA 16
(16, 3, 21.00, 5),

-- VENTA 17
(17, 17, 43.50, 3),
(17, 10, 1.50, 1),

-- VENTA 18
(18, 17, 29.00, 2),
(18, 1, 11.00, 2),

-- VENTA 19
(19, 17, 29.00, 2),
(19, 11, 4.00, 1),
(19, 12, 2.00, 1),

-- VENTA 20
(20, 11, 12.00, 3),
(20, 10, 3.00, 2);

-- BOD_VENTAS_FIADAS
INSERT INTO BOD_VENTAS_FIADAS (VENTA_ID, CLIENTE_ID) VALUES
(5, 1),
(8, 3),
(13, 1),
(14, 1),
(15, 2),
(16, 2),
(17, 3),
(18, 3),
(19, 5),
(20, 6);

-- BOD_REGISTRO_PAGOS_FIADOS
INSERT INTO BOD_REGISTRO_PAGOS_FIADOS (USUARIO_ID, CLIENTE_ID, FECHA, METODO_PAGO, MONTO) VALUES
(2, 1, '2025-11-18 10:00:00', 'EFECTIVO', 20.00),
(3, 3, '2025-11-18 17:30:00', 'TRANSFERENCIA', 30.00),
(4, 2, '2025-11-19 09:00:00', 'EFECTIVO', 10.50),
(5, 5, '2025-11-20 12:10:00', 'TRANSFERENCIA', 15.00),
(6, 6, '2025-11-21 14:50:00', 'EFECTIVO', 5.00),
(2, 1, '2025-11-22 16:40:00', 'EFECTIVO', 25.00);

-- BOD_RAZON_DEVOLUCION
INSERT INTO BOD_RAZON_DEVOLUCION (DESCRIPCION) VALUES
('Producto vencido'),
('Producto defectuoso'),
('Envase roto'),
('Error en la venta'),
('Cambio de producto');

-- BOD_DEVOLUCION
SET IDENTITY_INSERT BOD_DEVOLUCION ON;

INSERT INTO BOD_DEVOLUCION (DEVOLUCION_ID, TOTAL, FECHA, USUARIO_ID) VALUES
(1, 4.00, '2025-11-16 18:10:00', 2),
(2, 9.50, '2025-11-17 12:00:00', 3),
(3, 2.00, '2025-11-17 18:30:00', 4),
(4, 8.00, '2025-11-20 15:20:00', 5),
(5, 7.80, '2025-11-21 16:30:00', 6),
(6, 4.20, '2025-11-22 17:40:00', 2);

SET IDENTITY_INSERT BOD_DEVOLUCION OFF;

-- BOD_DETALLE_DEVOLUCION
INSERT INTO BOD_DETALLE_DEVOLUCION (DEVOLUCION_ID, PRODUCTO_ID, SUBTOTAL, CANTIDAD, RAZON_DEVOLUCION_ID) VALUES
(1, 11, 4.00, 1, 1),
(2, 9, 9.50, 1, 3),
(3, 12, 2.00, 1, 2),
(4, 11, 8.00, 2, 4),
(5, 14, 7.80, 1, 1),
(6, 3, 4.20, 1, 5);

-- BOD_HISTORIAL_OPERACIONES
INSERT INTO BOD_HISTORIAL_OPERACIONES (TABLA_AFECTADA, OPERACION, FECHA_HORA, USUARIO_ID) VALUES
-- Usuarios
('BOD_USUARIO', 'INSERCION', '2025-11-14 08:10:00', 1),
('BOD_USUARIO', 'INSERCION', '2025-11-14 08:11:00', 1),
('BOD_USUARIO', 'INSERCION', '2025-11-14 08:12:00', 1),
('BOD_USUARIO', 'INSERCION', '2025-11-14 08:13:00', 1),
('BOD_USUARIO', 'INSERCION', '2025-11-14 08:14:00', 1),
('BOD_USUARIO', 'INSERCION', '2025-11-14 08:15:00', 1),

-- Ventas
('BOD_VENTAS', 'INSERCION', '2025-11-15 10:22:00', 2),
('BOD_VENTAS', 'INSERCION', '2025-11-15 12:45:00', 3),
('BOD_VENTAS', 'INSERCION', '2025-11-16 09:30:00', 4),
('BOD_VENTAS', 'INSERCION', '2025-11-16 14:20:00', 2),
('BOD_VENTAS', 'INSERCION', '2025-11-17 11:00:00', 5),
('BOD_VENTAS', 'INSERCION', '2025-11-17 17:40:00', 6),
('BOD_VENTAS', 'INSERCION', '2025-11-18 10:15:00', 3),
('BOD_VENTAS', 'INSERCION', '2025-11-18 16:00:00', 4),
('BOD_VENTAS', 'INSERCION', '2025-11-19 08:50:00', 2),
('BOD_VENTAS', 'INSERCION', '2025-11-20 13:10:00', 3),
('BOD_VENTAS', 'INSERCION', '2025-11-21 15:45:00', 6),
('BOD_VENTAS', 'INSERCION', '2025-11-22 09:55:00', 2),

-- Devoluciones
('BOD_DEVOLUCION', 'INSERCION', '2025-11-16 18:10:00', 2),
('BOD_DEVOLUCION', 'INSERCION', '2025-11-17 12:00:00', 3),
('BOD_DEVOLUCION', 'INSERCION', '2025-11-17 18:30:00', 4),
('BOD_DEVOLUCION', 'INSERCION', '2025-11-20 15:20:00', 5),
('BOD_DEVOLUCION', 'INSERCION', '2025-11-21 16:30:00', 6),
('BOD_DEVOLUCION', 'INSERCION', '2025-11-22 17:40:00', 2),

-- Ventas adicionales 23/11
('BOD_VENTAS', 'INSERCION', '2025-11-23 09:10:00', 2),
('BOD_VENTAS', 'INSERCION', '2025-11-23 09:25:00', 2),
('BOD_VENTAS', 'INSERCION', '2025-11-23 10:00:00', 3),
('BOD_VENTAS', 'INSERCION', '2025-11-23 10:15:00', 3),
('BOD_VENTAS', 'INSERCION', '2025-11-23 11:00:00', 4),
('BOD_VENTAS', 'INSERCION', '2025-11-23 11:20:00', 4),
('BOD_VENTAS', 'INSERCION', '2025-11-23 12:00:00', 5),
('BOD_VENTAS', 'INSERCION', '2025-11-23 12:30:00', 6),

-- Productos
('BOD_PRODUCTO', 'INSERCION', '2025-01-03 08:00:00', 1),
('BOD_PRODUCTO', 'INSERCION', '2025-01-03 08:03:00', 1),
('BOD_PRODUCTO', 'INSERCION', '2025-01-03 08:06:00', 1),
('BOD_PRODUCTO', 'INSERCION', '2025-01-03 08:10:00', 1),
('BOD_PRODUCTO', 'INSERCION', '2025-01-03 08:13:00', 1),
('BOD_PRODUCTO', 'INSERCION', '2025-01-03 08:16:00', 1),
('BOD_PRODUCTO', 'INSERCION', '2025-01-03 08:20:00', 1),
('BOD_PRODUCTO', 'INSERCION', '2025-01-03 08:23:00', 1),
('BOD_PRODUCTO', 'INSERCION', '2025-01-03 08:26:00', 1),
('BOD_PRODUCTO', 'INSERCION', '2025-01-03 08:30:00', 1),
('BOD_PRODUCTO', 'INSERCION', '2025-01-03 08:33:00', 1),
('BOD_PRODUCTO', 'INSERCION', '2025-01-03 08:36:00', 1),
('BOD_PRODUCTO', 'INSERCION', '2025-01-03 08:40:00', 1),
('BOD_PRODUCTO', 'INSERCION', '2025-01-03 08:43:00', 1),
('BOD_PRODUCTO', 'INSERCION', '2025-01-03 08:46:00', 1),
('BOD_PRODUCTO', 'INSERCION', '2025-01-03 08:50:00', 1),
('BOD_PRODUCTO', 'INSERCION', '2025-01-03 08:53:00', 1),
('BOD_PRODUCTO', 'INSERCION', '2025-01-03 08:56:00', 1),

-- Clientes al Fiado
('BOD_CLIENTE_AL_FIADO', 'INSERCION', '2025-01-04 09:00:00', 1),
('BOD_CLIENTE_AL_FIADO', 'INSERCION', '2025-01-04 09:05:00', 1),
('BOD_CLIENTE_AL_FIADO', 'INSERCION', '2025-01-04 09:10:00', 1),
('BOD_CLIENTE_AL_FIADO', 'INSERCION', '2025-01-04 09:15:00', 1),
('BOD_CLIENTE_AL_FIADO', 'INSERCION', '2025-01-04 09:20:00', 1),
('BOD_CLIENTE_AL_FIADO', 'INSERCION', '2025-01-04 09:25:00', 1),
('BOD_CLIENTE_AL_FIADO', 'INSERCION', '2025-01-04 09:30:00', 1),

GO